symbol,sector
360ONE,Financial Services
ACMESOLAR,Power
APLAPOLLO,Capital Goods
AUBANK,Financial Services
AWL,Fast Moving Consumer Goods
AARTIIND,Chemicals
ACUTAAS,Healthcare
ADANIENSOL,Power
ADANIENT,Metals & Mining
ADANIGREEN,Power
ADANIPORTS,Services
ADANIPOWER,Power
ATGL,Oil Gas & Consumable Fuels
ABCAPITAL,Financial Services
ABFRL,Consumer Services
ABLBL,Consumer Services
ABSLAMC,Financial Services
AEGISLOG,Oil Gas & Consumable Fuels
AEGISVOPAK,Oil Gas & Consumable Fuels
AFCONS,Construction
ARE&M,Automobile and Auto Components
AMBUJACEM,Construction Materials
ANANTRAJ,Realty
ANGELONE,Financial Services
APOLLOTYRE,Automobile and Auto Components
APTUS,Financial Services
ASHOKLEY,Capital Goods
ASIANPAINT,Consumer Durables
ASTERDM,Healthcare
ASTRAL,Capital Goods
ATHERENERG,Automobile and Auto Components
AUROPHARMA,Healthcare
AIIL,Financial Services
DMART,Consumer Services
AXISBANK,Financial Services
BLS,Consumer Services
BSE,Financial Services
BAJFINANCE,Financial Services
BAJAJFINSV,Financial Services
BAJAJHFL,Financial Services
BALRAMCHIN,Fast Moving Consumer Goods
BANDHANBNK,Financial Services
BANKBARODA,Financial Services
BANKINDIA,Financial Services
MAHABANK,Financial Services
BELRISE,Automobile and Auto Components
BERGEPAINT,Consumer Durables
BDL,Capital Goods
BEL,Capital Goods
BHARATFORG,Automobile and Auto Components
BHEL,Capital Goods
BPCL,Oil Gas & Consumable Fuels
BHARTIARTL,Telecommunication
GROWW,Financial Services
BIOCON,Healthcare
BSOFT,Information Technology
BLUEJET,Healthcare
BLUESTARCO,Consumer Durables
FIRSTCRY,Consumer Services
BRIGADE,Realty
CESC,Power
CGPOWER,Capital Goods
CIEINDIA,Automobile and Auto Components
CANBK,Financial Services
CANHLIFE,Financial Services
CGCL,Financial Services
CARTRADE,Consumer Services
CASTROLIND,Oil Gas & Consumable Fuels
CEMPRO,Construction
CDSL,Financial Services
CHAMBLFERT,Chemicals
CHENNPETRO,Oil Gas & Consumable Fuels
CHOICEIN,Financial Services
CHOLAFIN,Financial Services
CIPLA,Healthcare
CUB,Financial Services
COALINDIA,Oil Gas & Consumable Fuels
COCHINSHIP,Capital Goods
COFORGE,Information Technology
COHANCE,Healthcare
CAMS,Financial Services
CONCOR,Services
CREDITACC,Financial Services
CROMPTON,Consumer Durables
CUMMINSIND,Capital Goods
DLF,Realty
DABUR,Fast Moving Consumer Goods
DATAPATTNS,Capital Goods
DEEPAKFERT,Chemicals
DELHIVERY,Services
DEVYANI,Consumer Services
DIXON,Consumer Durables
DRREDDY,Healthcare
EIHOTEL,Consumer Services
EICHERMOT,Automobile and Auto Components
ELECON,Capital Goods
ELGIEQUIP,Capital Goods
EMAMILTD,Fast Moving Consumer Goods
EMMVEE,Capital Goods
ENGINERSIN,Construction
ETERNAL,Consumer Services
EXIDEIND,Automobile and Auto Components
NYKAA,Consumer Services
FEDERALBNK,Financial Services
FACT,Chemicals
FINCABLES,Capital Goods
FSL,Services
FIVESTAR,Financial Services
FORTIS,Healthcare
GAIL,Oil Gas & Consumable Fuels
GVT&D,Capital Goods
GMRAIRPORT,Services
GALLANTT,Capital Goods
GRSE,Capital Goods
GLENMARK,Healthcare
GPIL,Capital Goods
GODFRYPHLP,Fast Moving Consumer Goods
GODREJCP,Fast Moving Consumer Goods
GODREJPROP,Realty
GRANULES,Healthcare
GRAPHITE,Capital Goods
GRASIM,Construction Materials
GESHIP,Services
GMDCLTD,Metals & Mining
HEG,Capital Goods
HBLENGINE,Capital Goods
HCLTECH,Information Technology
HDBFS,Financial Services
HDFCAMC,Financial Services
HDFCBANK,Financial Services
HDFCLIFE,Financial Services
HFCL,Telecommunication
HAVELLS,Consumer Durables
HEROMOTOCO,Automobile and Auto Components
HEXT,Information Technology
HSCL,Chemicals
HINDALCO,Metals & Mining
HAL,Capital Goods
HINDCOPPER,Metals & Mining
HINDPETRO,Oil Gas & Consumable Fuels
HINDUNILVR,Fast Moving Consumer Goods
HINDZINC,Metals & Mining
HONASA,Fast Moving Consumer Goods
HUDCO,Financial Services
HYUNDAI,Automobile and Auto Components
ICICIBANK,Financial Services
ICICIGI,Financial Services
ICICIPRULI,Financial Services
IDBI,Financial Services
IDFCFIRSTB,Financial Services
IFCI,Financial Services
IIFL,Financial Services
IRCON,Construction
ITCHOTELS,Consumer Services
ITC,Fast Moving Consumer Goods
ITI,Telecommunication
INDIACEM,Construction Materials
INDIANB,Financial Services
IEX,Financial Services
INDHOTEL,Consumer Services
IOC,Oil Gas & Consumable Fuels
IRCTC,Consumer Services
IRFC,Financial Services
IREDA,Financial Services
IGL,Oil Gas & Consumable Fuels
INDUSTOWER,Telecommunication
INDUSINDBK,Financial Services
NAUKRI,Consumer Services
INFY,Information Technology
INOXWIND,Capital Goods
INTELLECT,Information Technology
INDIGO,Services
IGIL,Services
JBMA,Automobile and Auto Components
JKTYRE,Automobile and Auto Components
JMFINANCIL,Financial Services
JSWCEMENT,Construction Materials
JSWENERGY,Power
JSWINFRA,Services
JSWSTEEL,Metals & Mining
JAINREC,Metals & Mining
J&KBANK,Financial Services
JINDALSAW,Capital Goods
JSL,Metals & Mining
JINDALSTEL,Metals & Mining
JIOFIN,Financial Services
JUBLFOOD,Consumer Services
JWL,Capital Goods
JYOTICNC,Capital Goods
KPITTECH,Information Technology
KALYANKJIL,Consumer Durables
KARURVYSYA,Financial Services
KAYNES,Capital Goods
KEC,Construction
KFINTECH,Financial Services
KOTAKBANK,Financial Services
LTF,Financial Services
LGEINDIA,Consumer Durables
LICHSGFIN,Financial Services
LTFOODS,Fast Moving Consumer Goods
LT,Construction
LATENTVIEW,Information Technology
LAURUSLABS,Healthcare
LEMONTREE,Consumer Services
LENSKART,Consumer Services
LICI,Financial Services
LLOYDSME,Metals & Mining
LODHA,Realty
LUPIN,Healthcare
MMTC,Services
M&MFIN,Financial Services
M&M,Automobile and Auto Components
MANAPPURAM,Financial Services
MRPL,Oil Gas & Consumable Fuels
MANKIND,Healthcare
MARICO,Fast Moving Consumer Goods
MARUTI,Automobile and Auto Components
MFSL,Financial Services
MAXHEALTH,Healthcare
MAZDOCK,Capital Goods
MEESHO,Consumer Services
MOTILALOFS,Financial Services
MPHASIS,Information Technology
MCX,Financial Services
MUTHOOTFIN,Financial Services
NATCOPHARM,Healthcare
NBCC,Construction
NCC,Construction
NHPC,Power
NLCINDIA,Power
NMDC,Metals & Mining
NTPCGREEN,Power
NTPC,Power
NATIONALUM,Metals & Mining
NAVA,Power
NESTLEIND,Fast Moving Consumer Goods
NETWEB,Information Technology
NEWGEN,Information Technology
NAM-INDIA,Financial Services
NIVABUPA,Financial Services
NUVAMA,Financial Services
NUVOCO,Construction Materials
OBEROIRLTY,Realty
ONGC,Oil Gas & Consumable Fuels
OIL,Oil Gas & Consumable Fuels
OLECTRA,Automobile and Auto Components
PAYTM,Financial Services
ONESOURCE,Healthcare
POLICYBZR,Financial Services
PCBL,Chemicals
PGEL,Consumer Durables
PNBHOUSING,Financial Services
PARADEEP,Chemicals
PATANJALI,Fast Moving Consumer Goods
PERSISTENT,Information Technology
PETRONET,Oil Gas & Consumable Fuels
PHOENIXLTD,Realty
PWL,Consumer Services
PIDILITIND,Chemicals
PINELABS,Financial Services
PIRAMALFIN,Financial Services
PPLPHARMA,Healthcare
POONAWALLA,Financial Services
PFC,Financial Services
POWERGRID,Power
PREMIERENE,Capital Goods
PRESTIGE,Realty
PNB,Financial Services
RRKABEL,Capital Goods
RBLBANK,Financial Services
RECLTD,Financial Services
RITES,Construction
RVNL,Construction
RAILTEL,Telecommunication
RKFORGE,Automobile and Auto Components
REDINGTON,Services
RELIANCE,Oil Gas & Consumable Fuels
SBFC,Financial Services
SBICARD,Financial Services
SBILIFE,Financial Services
SJVN,Power
SRF,Chemicals
SAILIFE,Healthcare
SAMMAANCAP,Financial Services
MOTHERSON,Automobile and Auto Components
SAPPHIRE,Consumer Services
SARDAEN,Metals & Mining
SAREGAMA,Media Entertainment & Publication
SCI,Services
SHRIRAMFIN,Financial Services
SHYAMMETL,Capital Goods
ENRIN,Capital Goods
SIEMENS,Capital Goods
SONACOMS,Automobile and Auto Components
SONATSOFTW,Information Technology
STARHEALTH,Financial Services
SBIN,Financial Services
SAIL,Metals & Mining
SUNPHARMA,Healthcare
SUNTV,Media Entertainment & Publication
SUZLON,Capital Goods
SWANCORP,Chemicals
SWIGGY,Consumer Services
SYNGENE,Healthcare
SYRMA,Capital Goods
TVSMOTOR,Automobile and Auto Components
TATACAP,Financial Services
TATACHEM,Chemicals
TATACOMM,Telecommunication
TCS,Information Technology
TATACONSUM,Fast Moving Consumer Goods
TATAINVEST,Financial Services
TMCV,Capital Goods
TMPV,Automobile and Auto Components
TATAPOWER,Power
TATASTEEL,Metals & Mining
TATATECH,Information Technology
TECHM,Information Technology
TEJASNET,Telecommunication
TENNIND,Automobile and Auto Components
NIACL,Financial Services
TITAGARH,Capital Goods
TITAN,Consumer Durables
TORNTPOWER,Power
TARIL,Capital Goods
TRENT,Consumer Services
TRITURBINE,Capital Goods
UNOMINDA,Automobile and Auto Components
UPL,Chemicals
UNIONBANK,Financial Services
UNITDSPR,Fast Moving Consumer Goods
URBANCO,Consumer Services
USHAMART,Capital Goods
VTL,Textiles
VBL,Fast Moving Consumer Goods
VEDL,Metals & Mining
VMM,Consumer Services
VOLTAS,Consumer Durables
WAAREEENER,Capital Goods
WELCORP,Capital Goods
WELSPUNLIV,Textiles
WIPRO,Information Technology
WOCKPHARMA,Healthcare
ZEEL,Media Entertainment & Publication
ZENTEC,Capital Goods
ZYDUSLIFE,Healthcare
ZYDUSWELL,Fast Moving Consumer Goods
